customer_id,full_name,email,phone_number,city,signup_date
251212,Shanaya Madan,ahana-vora@gmail.com,7332867654,Chennai,21-04-2023
848133,Mannat Talwar,akarsh20@wason.com,8578396720,Pune,11-06-2024
511492,Aaryahi Shenoy,rde@gola.info,7994838320,Chennai,02-06-2024
128097,Jayesh Jha,urvi41@yahoo.com,9834699453,Kolkata,24-03-2025
905038,Armaan Sarna,nishith98@chauhan.com,7513076043,Pune,07-07-2024
541502,Ritvik Chatterjee,vsaha@kulkarni-comar.net,7982033579,Kolkata,16-11-2024
866511,Ayesha Shetty,,8855091969,Chennai,31-10-2023
512203,Tushar Rau,lmangat@yahoo.com,8215928685,Delhi,08-02-2024
553987,Samiha Gill,,7518091323,Ahmedabad,05-04-2025
209910,Priyansh Agrawal,routkartik@gmail.com,7802905101,Kolkata,24-11-2023
847839,Gokul Varghese,zaina83@tiwari.net,9925325117,Pune,16-05-2023
583064,Tarini Vyas,sakshambarman@chakraborty.com,9205613992,Ahmedabad,13-10-2024
733533,Eshani Ramaswamy,gkapadia@hotmail.com,9901804796,Pune,09-11-2024
584429,Badal Grewal,ohayer@hotmail.com,7999251911,Kolkata,22-02-2024
269218,Shlok Gola,aliabatra@garde.com,7394687208,Ahmedabad,13-06-2023
277847,Dhruv Raman,koshyyashvi@balakrishnan.com,8852639340,Mumbai,20-09-2023
457035,Jhanvi Sehgal,darshitbose@sridhar.biz,8745916414,Delhi,24-03-2025
597401,Kiaan Bansal,,7766959137,Delhi,20-03-2025
531065,Navya Agrawal,,7121386682,Hyderabad,25-02-2025
266733,Adah Kamdar,gokul03@gmail.com,8643563127,Mumbai,11-04-2025
718874,Azad Andra,myrasagar@gmail.com,7350316294,Ahmedabad,28-03-2025
397491,Ira Sawhney,nirvaantiwari@hotmail.com,9234330853,Pune,05-04-2025
898837,Ivana Grover,aarav05@hotmail.com,8006314846,Hyderabad,19-06-2024
628023,Indranil Andra,kismatgoda@thaman-subramaniam.org,9038756159,Mumbai,17-09-2023
217981,Farhan Ravel,akarsh27@wadhwa.biz,7176932950,Chennai,09-04-2025
486172,Hansh Borde,,8578254940,Kolkata,25-04-2024
462199,Tara Dani,cbajaj@hotmail.com,9559381066,Delhi,11-04-2025
249624,Biju Choudhary,bhatnagarsuhana@gmail.com,7444474733,Chennai,28-03-2025
759139,Priyansh Sha,lavanya40@gmail.com,9666390588,Bangalore,08-03-2025
474993,Charvi Ahluwalia,,7866106217,Pune,01-02-2024
903347,Trisha Ghosh,aaryahi77@yahoo.com,9403455972,Delhi,13-02-2025
595639,Armaan Sarkar,shraymaharaj@dewan.com,7534926256,Ahmedabad,04-10-2024
760885,Prisha Borra,eraman@vala.com,9352674462,Kolkata,02-04-2025
643914,Kiara Golla,,8620200747,Delhi,04-05-2024
890029,Taran Loyal,,8003140074,Ahmedabad,20-03-2025
156523,Miraan Lata,lhans@yahoo.com,8762147286,Mumbai,03-05-2024
305198,Hazel Solanki,shalv93@hans.org,9372814066,Pune,23-09-2023
370147,Parinaaz Sheth,qbal@gmail.com,7962001833,Pune,12-04-2025
285490,Lakshay Loke,lcheema@sharaf.com,9040520243,Bangalore,14-04-2025
858599,Rasha Saxena,,8546090013,Ahmedabad,07-09-2023
712034,Divyansh Bhasin,jivikavenkatesh@gmail.com,9243605829,Delhi,19-03-2025
440442,Tushar Chokshi,dhanush65@dhillon.org,7253389892,Bangalore,19-12-2024
410423,Vihaan Hayre,,9670550456,Bangalore,21-09-2023
498577,Miraan Talwar,yhayer@khurana.com,8676320773,Hyderabad,20-04-2023
765240,Zaina Cheema,joshizoya@yahoo.com,7719454656,Pune,31-03-2025
143476,Pari Dutta,,9929530775,Hyderabad,04-12-2023
405251,Samarth Kumar,dasguptatejas@hotmail.com,9229991747,Pune,31-03-2025
678221,Umang Varughese,balihazel@rajan.com,9848435858,Hyderabad,24-06-2024
552159,Prisha Venkataraman,srivastavahiran@thaker.com,8043541813,Ahmedabad,02-05-2024
136596,Onkar Ahuja,,9387224925,Hyderabad,28-03-2025
815362,Aaryahi Wali,nehmatsalvi@hotmail.com,7576253427,Hyderabad,05-07-2023
530489,Alia Deo,kartikgoswami@sule-divan.info,9838248510,Delhi,14-03-2024
382139,Khushi Anne,rajagopaleva@gmail.com,9773380239,Chennai,18-06-2023
493386,Nitya Bawa,,9119264476,Hyderabad,08-04-2025
863233,Indrans Gade,,8881824103,Pune,11-03-2024
318287,Jiya Mann,,9012500763,Delhi,22-03-2025
463727,Zain Rattan,arnavgara@som-chaudhry.com,7669027887,Pune,30-03-2024
240679,Ahana  Kumar,chirag63@sabharwal.com,8580016724,Mumbai,18-03-2025
238575,Damini Bhavsar,samarth69@jaggi-sekhon.com,7376102852,Pune,22-11-2024
215656,Mamooty Yadav,contractorkeya@hotmail.com,9322906821,Hyderabad,18-08-2024
742912,Jivin Walla,advikwason@ramakrishnan.com,9279939004,Ahmedabad,13-06-2023
474303,Akarsh Doctor,samashaan@lalla.com,7336225326,Ahmedabad,01-01-2025
273809,Inaaya  Mahal,aarush69@srinivasan.org,8801066317,Kolkata,10-09-2023
132742,Siya Shankar,omaharaj@grover.com,8027015672,Mumbai,04-02-2024
551493,Samarth Singhal,,7658759903,Ahmedabad,23-03-2025
704709,Advika Chauhan,yuvraj-singh@doctor-sachdev.com,8195964394,Hyderabad,28-05-2024
517749,Devansh Sen,,7980568991,Chennai,02-10-2023
586035,Baiju Dhaliwal,somkimaya@virk-rajan.com,7664797324,Kolkata,08-11-2024
179868,Yuvaan Dutt,raunak32@dixit.com,7271864211,Ahmedabad,29-09-2024
773075,Navya Dada,esuresh@dada.com,7104332746,Delhi,28-07-2023
845296,Aarna Devan,uthkarsh19@gmail.com,7608772410,Mumbai,19-03-2025
841380,Rati Devi,bchar@sama.com,8064637125,Mumbai,25-11-2023
813895,Devansh Sethi,,8650542480,Delhi,04-05-2023
181605,Rati Balay,,9646460159,Hyderabad,16-12-2023
915577,Aradhya Upadhyay,mahikadin@yahoo.com,8454899242,Mumbai,17-03-2025
546093,Neelofar Dewan,xchanda@yahoo.com,7094288686,Chennai,26-07-2024
671382,Zoya Subramaniam,,7426587693,Pune,18-08-2023
861486,Heer Shah,frandhawa@hotmail.com,8080284453,Delhi,28-06-2024
680823,Nakul Ravi,asaini@atwal.com,9084229175,Mumbai,15-06-2024
245018,Kabir Vaidya,nhanda@bal.org,8491731479,Delhi,11-05-2023
277453,Azad Kalita,chargatik@karnik.info,7761029653,Hyderabad,02-11-2024
260398,Rasha Seshadri,tejasbhandari@yahoo.com,8496435124,Bangalore,22-03-2025
317541,Mamooty Raja,,9350539051,Hyderabad,29-03-2025
272460,Shayak Das,,7551750221,Chennai,01-07-2023
339336,Samiha Swaminathan,vidurchatterjee@sood.com,7357693465,Kolkata,28-01-2025
131166,Samiha Batra,,7150792111,Delhi,24-12-2023
650820,Dhanuk Rana,,7492455756,Bangalore,26-04-2023
242140,Reyansh Mall,miraandhar@barman.info,9202074837,Kolkata,06-02-2024
958765,Urvi Kata,singhalkiaan@chopra-singh.com,8780770255,Pune,04-04-2025
616992,Chirag Tandon,adiravenkataraman@mangat.com,8392130357,Bangalore,21-03-2025
474314,Kimaya Trivedi,dharmajanbawa@yahoo.com,9893224092,Chennai,16-03-2025
753630,Rati Bumb,oborra@bhalla.com,9742050442,Chennai,11-04-2025
871624,Lakshay Goda,,8361179423,Chennai,26-03-2025
402031,Urvi Tiwari,kabirhegde@yahoo.com,9973478222,Bangalore,03-04-2025
851249,Manjari Batta,navyadhingra@kant.com,8669084740,Pune,14-04-2025
931756,Nitara Singh,ljain@babu-badal.info,8088636575,Kolkata,10-10-2024
451453,Aarush Uppal,vritikabhargava@gmail.com,8927631712,Delhi,19-05-2024
817427,Gokul Dixit,urvi68@mangat-ramesh.org,9236479926,Mumbai,26-03-2025
224232,Divyansh Tripathi,jyohannan@datta.com,8647981998,Mumbai,22-03-2025
941546,Nehmat Goswami,,7422716988,Bangalore,11-02-2024
996124,Pranay Mani,rheakashyap@garg.com,7065258075,Kolkata,17-03-2024
978802,Shaan Sule,deysahil@walia.com,9264889041,Hyderabad,10-09-2024
528729,Vaibhav Bhagat,,8736097463,Pune,11-05-2023
910990,Kiara Karan,hanshbhardwaj@hotmail.com,7705372224,Kolkata,18-03-2025
374484,Sahil Ram,shankergokul@swaminathan-batta.com,7950512724,Chennai,25-04-2023
266010,Divij Karnik,dattatejas@gmail.com,9369438905,Chennai,01-07-2024
459109,Lavanya Balay,bhaminisidhu@gmail.com,7999152987,Pune,03-02-2025
758480,Damini Toor,divitdada@dave-bahl.net,8045173090,Bangalore,05-06-2023
625925,Samaira Barad,fkamdar@gmail.com,8064951089,Chennai,31-12-2024
447906,Ishita Dalal,anikathaker@gmail.com,8979456272,Hyderabad,01-04-2025
659028,Vanya Dutta,varugheseishaan@yahoo.com,8636452195,Pune,07-04-2025
828925,Nehmat Bhatnagar,kumerraunak@hotmail.com,7442535693,Bangalore,30-06-2024
251603,Jiya Sem,ojassampath@seth.info,7351077821,Mumbai,14-05-2023
494410,Vaibhav Sawhney,rtailor@zachariah.com,8700236945,Ahmedabad,04-01-2025
875735,Parinaaz Mann,purabbora@borde.com,8483023288,Pune,17-03-2025
879908,Nayantara Ram,sara46@vohra.com,7677380881,Hyderabad,03-08-2023
682461,Reyansh Shan,lakshitsavant@halder.com,7230468901,Delhi,14-10-2024
420069,Tushar Johal,rsha@hotmail.com,8935358592,Bangalore,27-02-2024
345929,Lakshay Kari,,7057946723,Bangalore,25-01-2025
496955,Navya Dhawan,,8576363819,Chennai,14-08-2024
463359,Miraya Manne,,7573883407,Mumbai,03-05-2024
509222,Nitara Hegde,rajbiju@hotmail.com,9613764733,Pune,29-03-2024
594165,Piya Ramachandran,,8891385025,Bangalore,29-09-2023
636395,Yashvi Hora,,8425403383,Kolkata,15-09-2024
421030,Kimaya Bansal,ganeshtejas@hotmail.com,8700213645,Pune,03-03-2024
530022,Neysa Vaidya,,9897307932,Hyderabad,09-04-2025
526034,Kartik Bandi,sampathaayush@hotmail.com,8138841902,Bangalore,30-09-2023
952431,Kimaya Chakraborty,trisha25@dua-dar.com,8467655445,Chennai,28-03-2024
202459,Sana Taneja,baradriya@sunder.org,9794013443,Mumbai,29-09-2023
816635,Nishith Mahal,kimaya69@yahoo.com,8103771637,Ahmedabad,31-01-2025
261495,Pihu Tailor,farhan12@chandra.com,7864389575,Delhi,01-10-2023
254818,Kartik Sane,dhanushdalal@kaur.net,7930216039,Bangalore,01-09-2023
105156,Bhavin Kara,,9617343581,Chennai,04-04-2025
711835,Aniruddh Dewan,samihasandhu@dani.biz,7088695254,Bangalore,02-05-2024
724396,Sana Korpal,,8014201066,Pune,26-10-2024
764851,Damini Chana,,8523502527,Delhi,19-09-2023
838679,Riaan Anne,reyanshgaba@hotmail.com,7106230885,Bangalore,29-03-2025
642239,Armaan Anne,,8515215512,Hyderabad,08-01-2025
212002,Neelofar Vala,kanavhayre@gmail.com,7845284136,Kolkata,16-03-2025
830696,Dishani Bala,pranaywable@sinha-kumar.com,9131620554,Bangalore,22-05-2024
917136,Aaryahi Reddy,vanyabhatt@hotmail.com,9520294343,Hyderabad,29-10-2024
778801,Shanaya Borde,azad59@srinivas-kakar.com,8873182736,Mumbai,02-09-2023
831980,Yashvi Acharya,chiragchawla@yahoo.com,9158063990,Delhi,15-03-2024
314874,Drishya Rana,,9718451672,Hyderabad,12-10-2023
724726,Urvi Kala,,7593456097,Kolkata,12-10-2023
775597,Nitya Das,,9087553761,Ahmedabad,30-12-2024
732429,Divyansh Bhardwaj,,8157814264,Delhi,10-11-2023
638393,Armaan Barad,aurorashanaya@yahoo.com,7462458221,Chennai,02-07-2024
216585,Divyansh Kashyap,agrawalmanikya@rau-trivedi.com,9611375768,Ahmedabad,28-04-2023
379633,Faiyaz Sani,qmann@hotmail.com,9609095735,Pune,27-07-2024
821989,Kavya Dhaliwal,aliajayaraman@yahoo.com,9510520062,Delhi,28-09-2024
867473,Jivin Sibal,pbuch@dar.org,8263607515,Delhi,17-02-2024
744145,Prisha Jani,duttyuvaan@hotmail.com,8126259700,Chennai,05-07-2023
276828,Myra Sarna,,9186475299,Delhi,09-04-2025
494112,Krish Batta,aarav76@samra-hayre.net,7594832861,Delhi,08-11-2024
189524,Neysa Sodhi,faiyazbanerjee@gera-kaur.com,7116169424,Kolkata,14-05-2024
931885,Advika Mangat,chandermanikya@yahoo.com,7365406240,Pune,26-02-2024
137770,Jayesh Bhandari,ritvikloyal@yahoo.com,7209194799,Hyderabad,12-05-2023
110995,Mehul Balan,rajagopalankiara@hotmail.com,7202585038,Pune,27-03-2025
221004,Chirag Singh,,8746743518,Pune,08-12-2024
479759,Badal Anand,hchakrabarti@dar.biz,8914214969,Bangalore,28-09-2023
957068,Keya Devan,ladkavya@shere-sarma.com,9766995835,Hyderabad,21-12-2024
857557,Zeeshan Wable,gbobal@gmail.com,7383465188,Ahmedabad,26-03-2025
604055,Umang Arora,,7908961088,Pune,14-07-2023
433818,Yasmin Dora,aborra@dhawan.com,9248283582,Delhi,30-12-2023
213392,Raunak Kara,,7663598326,Bangalore,01-01-2024
808810,Alia Kapadia,qlall@yahoo.com,7491846863,Kolkata,16-03-2025
574615,Sahil Thaman,,7624319656,Kolkata,26-01-2024
487023,Zeeshan Arora,madhav88@bhatti.com,7369953694,Kolkata,29-03-2025
712633,Yuvraj  Rout,cheriangokul@iyer.com,8425123235,Ahmedabad,08-08-2024
830522,Yuvraj  Sinha,jayankhare@bobal.com,7347337316,Kolkata,24-05-2024
366216,Miraan Handa,dkapadia@yahoo.com,9328770515,Ahmedabad,27-09-2023
798920,Aaina Sengupta,ichoudhary@vyas.com,7941991905,Bangalore,18-10-2024
610165,Ojas Sodhi,,7636470185,Delhi,02-04-2025
951535,Trisha Bedi,dassjivin@mangat.com,8649469945,Delhi,05-05-2023
913410,Nirvi Chada,,9427904916,Chennai,19-01-2024
339825,Tara Ravi,renee43@manne-shan.com,8727115424,Kolkata,20-11-2023
266772,Devansh Hayer,sommohanlal@cheema.com,9200788592,Kolkata,27-03-2025
688927,Shayak Gandhi,suhanarajagopal@ramaswamy.com,8648736073,Kolkata,22-08-2024
678426,Nakul Dalal,rheabhargava@hotmail.com,8072751993,Delhi,20-05-2023
967425,Prerak Swamy,,8869213033,Hyderabad,21-08-2023
181718,Saksham Din,trisha93@gmail.com,7172912311,Kolkata,28-03-2025
918434,Lavanya Bhatnagar,,7772310524,Kolkata,29-03-2025
997966,Inaaya  Chaudhuri,fthakkar@yahoo.com,8799973435,Mumbai,28-05-2024
632668,Zoya Hayre,aseshadri@hotmail.com,9810415159,Ahmedabad,31-07-2024
276162,Jivika Keer,,9935255719,Bangalore,01-07-2023
127033,Myra Keer,jayaramanamani@gmail.com,9258804475,Bangalore,01-08-2023
967683,Kabir Lata,,9941838209,Ahmedabad,28-03-2025
774456,Nehmat Suri,siyabehl@hotmail.com,8950939032,Bangalore,15-07-2024
990834,Mohanlal Bora,,9484171322,Kolkata,12-12-2023
274918,Jivika Wadhwa,csagar@maharaj-saini.info,9200745639,Pune,05-09-2023
642260,Lagan Karpe,,8636306592,Chennai,02-04-2025
528764,Elakshi Hari,,8038513406,Kolkata,25-06-2024
737800,Rhea Krishna,kanne@yahoo.com,9574083650,Kolkata,14-02-2024
792740,Rhea Deol,dhanush88@gmail.com,8383211590,Hyderabad,17-03-2025
318191,Mehul Golla,,9363915228,Bangalore,19-02-2024
559470,Divit Chawla,sethalisha@sundaram.com,8919386647,Ahmedabad,18-03-2025
842529,Gatik Kapur,divitjayaraman@yahoo.com,9578373086,Kolkata,17-10-2023
816878,Anay Mani,mram@yahoo.com,9322796202,Ahmedabad,07-03-2025
524691,Keya Singh,,8673679421,Chennai,31-12-2024
376957,Aarna Chacko,,8746818648,Kolkata,02-06-2023
122197,Yuvraj  Srinivas,tarini75@hotmail.com,7825021492,Hyderabad,07-01-2024
715973,Rasha Sastry,avirk@hotmail.com,9393236358,Ahmedabad,12-04-2025
240789,Tara Bhakta,,9957649440,Ahmedabad,14-05-2023
507076,Saanvi Bahri,,9893580057,Pune,02-04-2025
279657,Dishani Rout,glala@hotmail.com,7252203054,Kolkata,12-07-2023
562382,Amani Dhingra,,9641355189,Ahmedabad,23-04-2023
692384,Alisha Subramaniam,tanyakulkarni@majumdar.com,9068950182,Kolkata,26-03-2025
156259,Hrishita Gopal,divijdora@hotmail.com,7344359134,Delhi,28-08-2024
493266,Manjari De,azad48@taneja.com,9835149328,Kolkata,27-04-2024
941318,Reyansh Som,rajuranbir@sawhney-lata.com,9420268308,Hyderabad,26-03-2025
191011,Samarth Subramanian,jivin90@gmail.com,8340412987,Delhi,10-09-2023
775342,Hiran Seshadri,xdugar@hotmail.com,7551443940,Hyderabad,08-04-2025
716788,Ira Bera,bajwakaira@bali.info,7789001494,Hyderabad,31-03-2025
524870,Zeeshan Hora,kanav75@yahoo.com,8107582860,Ahmedabad,01-07-2023
450778,Anaya Balay,kavyadatta@gmail.com,9646604095,Chennai,16-03-2025
344418,Pranay Iyengar,settysara@srivastava-handa.info,9851168124,Pune,26-04-2023
631413,Shayak Cheema,badalkari@yahoo.com,7854161249,Mumbai,13-01-2025
577652,Rhea Master,fdeshpande@gmail.com,9912430600,Bangalore,01-09-2023
141005,Neelofar Gandhi,,7350311370,Chennai,02-05-2023
603256,Indranil Dass,mamootychaudhari@ray.net,7017482744,Bangalore,24-08-2024
750120,Riya Ratta,indranilranganathan@gmail.com,8796144385,Bangalore,08-04-2025
206751,Nirvi Kulkarni,kotharieshani@yahoo.com,9161746510,Kolkata,05-02-2025
381743,Mishti Apte,dsant@tella-singhal.com,8961192552,Kolkata,09-03-2025
973631,Miraya Gade,kdhingra@yahoo.com,7994038627,Chennai,05-07-2023
632152,Mishti Basu,gadefateh@gmail.com,7431142293,Kolkata,24-12-2023
614095,Arhaan Dasgupta,,9313468383,Chennai,11-04-2025
677547,Nakul Ganesh,shaanbatra@sule-luthra.com,7281220029,Bangalore,26-04-2023
776318,Dhanuk Sur,navya80@sastry-madan.net,9220102817,Bangalore,05-08-2023
513234,Armaan Kapur,chadumang@yahoo.com,7619250454,Pune,21-03-2025
378194,Kavya Kadakia,golanayantara@gmail.com,7762967030,Delhi,21-03-2025
289811,Ehsaan Sen,,8615627210,Mumbai,08-05-2023
340931,Hiran Venkataraman,manikyasabharwal@yahoo.com,8649082173,Bangalore,08-05-2023
667280,Ivan Sengupta,chadoorja@yahoo.com,9817770255,Mumbai,17-10-2024
482019,Seher Sem,batraumang@hotmail.com,9217268036,Pune,25-03-2025
267289,Umang Kaur,hdara@gmail.com,8681162759,Delhi,27-03-2025
417145,Oorja Gopal,hchadha@gmail.com,7522286197,Ahmedabad,10-11-2023
993574,Nirvaan Krishnan,sanahari@setty.com,7138648481,Hyderabad,03-04-2025
738434,Stuvan Srinivas,cbrar@yahoo.com,9570581394,Pune,17-04-2024
972000,Manikya Dar,senishita@hotmail.com,9257590594,Hyderabad,01-04-2025
250616,Nishith Ramachandran,gbarman@chacko.net,7822335748,Delhi,13-06-2024
579116,Lavanya Ram,isood@hotmail.com,9363249545,Pune,16-01-2025
172188,Yuvraj  Ratta,,9889030546,Ahmedabad,27-06-2023
171818,Tushar Date,chaudrybadal@yahoo.com,8506640857,Kolkata,04-08-2024
601336,Anahita Sane,somaarna@wali.com,9768081412,Mumbai,08-05-2024
512346,Dhruv Kar,onkar22@hotmail.com,7924459920,Hyderabad,11-07-2024
693620,Hunar Wable,badal51@ranganathan.com,8016194136,Ahmedabad,19-04-2023
529897,Nehmat Balasubramanian,,9787247421,Chennai,02-09-2023
683155,Alia Sharaf,,9881302496,Delhi,29-12-2023
196722,Adah Yogi,psoman@yahoo.com,8591581358,Delhi,27-03-2025
378424,Riya Singh,hayreryan@hotmail.com,8758177950,Hyderabad,27-01-2024
605719,Adira Karan,mangalneelofar@hotmail.com,8215100118,Bangalore,25-02-2025
340804,Sana Madan,,9908406028,Bangalore,14-04-2025
954035,Jayesh Sabharwal,,8375223364,Delhi,17-10-2024
216258,Jivin Kothari,jhanvi37@cheema.com,7859978592,Chennai,28-11-2024
411105,Sumer Suresh,mchada@yahoo.com,9796133035,Pune,11-05-2023
247923,Rania Bhattacharyya,devansh39@hotmail.com,8893549828,Delhi,04-04-2025
476924,Yuvraj  Karnik,advikgola@majumdar-borra.com,9262221860,Hyderabad,17-10-2024
951300,Fateh Balan,nirvidhar@gmail.com,8502908518,Bangalore,28-01-2024
198722,Nayantara Vasa,janidivit@hotmail.com,8137625097,Hyderabad,24-03-2025
245367,Priyansh Chawla,kapoorrati@rajan.com,7598272878,Ahmedabad,28-04-2023
790421,Shamik Sastry,suhanasaxena@yahoo.com,7770833983,Mumbai,01-04-2025
159463,Divij Viswanathan,jwarrior@yahoo.com,9460578167,Delhi,02-11-2023
962976,Aniruddh Chauhan,trisharana@saini-dalia.com,7433790331,Ahmedabad,19-03-2025
797875,Shlok Baria,uppalhiran@dhawan-kade.com,7129313419,Delhi,13-09-2023
243454,Vidur Chad,,9516178818,Chennai,09-07-2024
714984,Yuvaan Dugar,deyayesha@yahoo.com,7697821337,Hyderabad,25-08-2023
685865,Abram Krish,jayaramanyuvraj@rege.com,9133169212,Hyderabad,30-03-2025
308145,Inaaya  Som,laganbalan@hotmail.com,9581582581,Bangalore,23-12-2023
107397,Ojas Devan,stuvan83@gmail.com,9542793419,Bangalore,08-04-2025
134669,Vedika Dube,,7409997269,Chennai,18-01-2024
523995,Pihu Bhatnagar,,9483856164,Pune,20-09-2023
685395,Aarush Uppal,vaibhavanne@sha.com,7607132551,Ahmedabad,31-03-2025
833780,Taran Bora,,8090659252,Pune,28-10-2023
892031,Shray Gupta,indrans28@hotmail.com,8273391611,Hyderabad,17-03-2025
730952,Sahil Kothari,vardaniyasangha@mangal.com,9544999759,Bangalore,07-04-2025
614164,Zaina Mammen,alia56@gade-dass.com,8945533193,Kolkata,19-08-2024
848806,Divit Balay,aaryahi01@kothari.org,8075806516,Pune,24-06-2023
823959,Elakshi Kaur,btella@manda.com,8425448560,Pune,17-08-2024
212244,Farhan Dasgupta,,7407749912,Ahmedabad,13-01-2024
595936,Myra Wason,,8017479522,Chennai,13-01-2024
686726,Ishita Ramachandran,,7363718556,Kolkata,18-03-2025
464150,Raghav Lalla,hdhar@gmail.com,8659221798,Ahmedabad,31-03-2025
917914,Eva Singhal,,9192118327,Pune,29-04-2023
459709,Lakshit Raman,aradhyashere@shukla-singhal.com,7688582689,Mumbai,14-04-2025
202270,Navya Sood,lallpurab@gmail.com,8104225291,Hyderabad,26-04-2023
819049,Arnav Venkatesh,sridhararadhya@hotmail.com,8137046227,Pune,29-03-2025
105394,Eshani Kota,bhavinbhargava@hotmail.com,8151619403,Bangalore,05-05-2023
353429,Indrajit Gole,oarya@hotmail.com,8455514457,Chennai,30-12-2023
337660,Bhavin Bakshi,ranbirwalia@yahoo.com,9824156915,Mumbai,04-09-2024
621919,Vardaniya Joshi,,9671617710,Hyderabad,12-03-2025
979322,Heer Deo,prishamandal@hotmail.com,9752956189,Delhi,22-03-2025
426626,Ritvik Raju,malhotrakismat@atwal.biz,8895827031,Bangalore,10-06-2024
387788,Tiya Suri,,8836904357,Pune,17-12-2023
335527,Indrans Jani,bhatpihu@hotmail.com,7377085388,Ahmedabad,11-04-2025
109407,Miraya Sura,mannatraj@yahoo.com,9254427086,Pune,11-05-2023
619706,Devansh Cherian,saniabram@gmail.com,8689239369,Delhi,25-02-2025
472103,Armaan Bhasin,,9580339257,Bangalore,06-02-2025
633702,Tejas Sanghvi,msolanki@gmail.com,9396172907,Kolkata,14-04-2025
457429,Tanya Gola,saanviramaswamy@yahoo.com,7006534601,Delhi,22-08-2024
,,,,,
,,,,,
,,,,,
,,,,,
,,,,,
,,,,,
,,,,,
,,,,,
,,,,,
,,,,,
,,,,,
,,,,,
,,,,,
,,,,,
,,,,,
,,,,,
,,,,,
,,,,,
,,,,,
,,,,,
,,,,,
,,,,,
,,,,,
,,,,,
,,,,,
,,,,,
,,,,,
,,,,,
,,,,,
,,,,,
,,,,,
,,,,,
,,,,,
,,,,,
,,,,,
,,,,,
,,,,,
,,,,,
,,,,,
,,,,,
,,,,,
,,,,,
,,,,,
,,,,,
,,,,,
,,,,,
,,,,,
,,,,,
,,,,,
,,,,,
,,,,,
,,,,,
,,,,,
,,,,,
,,,,,
,,,,,
,,,,,
,,,,,
,,,,,
,,,,,
,,,,,
,,,,,
,,,,,
,,,,,
,,,,,
,,,,,
,,,,,
,,,,,
,,,,,
,,,,,
,,,,,
,,,,,
,,,,,
,,,,,
,,,,,
,,,,,
,,,,,
,,,,,
,,,,,
,,,,,
,,,,,
,,,,,
,,,,,
,,,,,
,,,,,
,,,,,
,,,,,
,,,,,
,,,,,
,,,,,
,,,,,
,,,,,
,,,,,
,,,,,
,,,,,
,,,,,
,,,,,
,,,,,
,,,,,
,,,,,
,,,,,
,,,,,
,,,,,
,,,,,
,,,,,
,,,,,
,,,,,
,,,,,
,,,,,
,,,,,
,,,,,
,,,,,
,,,,,
,,,,,
,,,,,
,,,,,
,,,,,
,,,,,
,,,,,
,,,,,
,,,,,
,,,,,
,,,,,
,,,,,
,,,,,
,,,,,
,,,,,
,,,,,
,,,,,
,,,,,
,,,,,
,,,,,
,,,,,
,,,,,
,,,,,
,,,,,
,,,,,
,,,,,
,,,,,
,,,,,
,,,,,
,,,,,
,,,,,
,,,,,
,,,,,
,,,,,
,,,,,
,,,,,
,,,,,
,,,,,
,,,,,
,,,,,
,,,,,
,,,,,
,,,,,
,,,,,
,,,,,
,,,,,
,,,,,
,,,,,
,,,,,
,,,,,
,,,,,
,,,,,
,,,,,
,,,,,
,,,,,
,,,,,
,,,,,
,,,,,
,,,,,
,,,,,
,,,,,
,,,,,
,,,,,
,,,,,
,,,,,
,,,,,
,,,,,
,,,,,
,,,,,
,,,,,
,,,,,
,,,,,
,,,,,
,,,,,
,,,,,
,,,,,
,,,,,
,,,,,
,,,,,
,,,,,
,,,,,
,,,,,
,,,,,
,,,,,
,,,,,
,,,,,
,,,,,
,,,,,
,,,,,
,,,,,
,,,,,
,,,,,
,,,,,
,,,,,
,,,,,
,,,,,
,,,,,
,,,,,
,,,,,
,,,,,
,,,,,
,,,,,
,,,,,
,,,,,
,,,,,
,,,,,
,,,,,
,,,,,
,,,,,
,,,,,
,,,,,
,,,,,
,,,,,
,,,,,
,,,,,
,,,,,
,,,,,
,,,,,
,,,,,
,,,,,
,,,,,
,,,,,
,,,,,
,,,,,
,,,,,
,,,,,
,,,,,
,,,,,
,,,,,
,,,,,
,,,,,
,,,,,
,,,,,
,,,,,
,,,,,
,,,,,
,,,,,
,,,,,
,,,,,
,,,,,
,,,,,
,,,,,
,,,,,
,,,,,
,,,,,
,,,,,
,,,,,
,,,,,
,,,,,
,,,,,
,,,,,
,,,,,
,,,,,
,,,,,
,,,,,
,,,,,
,,,,,
,,,,,
,,,,,
,,,,,
,,,,,
,,,,,
,,,,,
,,,,,
,,,,,
,,,,,
,,,,,
,,,,,
,,,,,
,,,,,
,,,,,
,,,,,
,,,,,
,,,,,
,,,,,
,,,,,
,,,,,
,,,,,
,,,,,
,,,,,
,,,,,
,,,,,
,,,,,
,,,,,
,,,,,
,,,,,
,,,,,
,,,,,
,,,,,
,,,,,
,,,,,
,,,,,
,,,,,
,,,,,
,,,,,
,,,,,
,,,,,
,,,,,
,,,,,
,,,,,
,,,,,
,,,,,
,,,,,
,,,,,
,,,,,
,,,,,
,,,,,
,,,,,
,,,,,
,,,,,
,,,,,
,,,,,
,,,,,
,,,,,
,,,,,
,,,,,
,,,,,
,,,,,
,,,,,
,,,,,
,,,,,
,,,,,
,,,,,
,,,,,
,,,,,
,,,,,
,,,,,
,,,,,
,,,,,
,,,,,
,,,,,
,,,,,
,,,,,
,,,,,
,,,,,
,,,,,
,,,,,
,,,,,
,,,,,
,,,,,
,,,,,
,,,,,
,,,,,
,,,,,
,,,,,
,,,,,
,,,,,
,,,,,
,,,,,
,,,,,
,,,,,
,,,,,
,,,,,
,,,,,
,,,,,
,,,,,
,,,,,
,,,,,
,,,,,
,,,,,
,,,,,
,,,,,
,,,,,
,,,,,
,,,,,
,,,,,
,,,,,
,,,,,
,,,,,
,,,,,
,,,,,
,,,,,
,,,,,
,,,,,
,,,,,
,,,,,
,,,,,
,,,,,
,,,,,
,,,,,
,,,,,
,,,,,
,,,,,
,,,,,
,,,,,
,,,,,
,,,,,
,,,,,
,,,,,
,,,,,
,,,,,
,,,,,
,,,,,
,,,,,
,,,,,
,,,,,
,,,,,
,,,,,
,,,,,
,,,,,
,,,,,
,,,,,
,,,,,
,,,,,
,,,,,
,,,,,
,,,,,
,,,,,
,,,,,
,,,,,
,,,,,
,,,,,
,,,,,
,,,,,
,,,,,
,,,,,
,,,,,
,,,,,
,,,,,
,,,,,
,,,,,
,,,,,
,,,,,
,,,,,
,,,,,
,,,,,
,,,,,
,,,,,
,,,,,
,,,,,
,,,,,
,,,,,
,,,,,
,,,,,
,,,,,
,,,,,
,,,,,
,,,,,
,,,,,
,,,,,
,,,,,
,,,,,
,,,,,
,,,,,
,,,,,
,,,,,
,,,,,
,,,,,
,,,,,
,,,,,
,,,,,
,,,,,
,,,,,
,,,,,
,,,,,
,,,,,
,,,,,
,,,,,
,,,,,
,,,,,
,,,,,
,,,,,
,,,,,
,,,,,
,,,,,
,,,,,
,,,,,
,,,,,
,,,,,
,,,,,
,,,,,
,,,,,
,,,,,
,,,,,
,,,,,
,,,,,
,,,,,
,,,,,
,,,,,
,,,,,
,,,,,
,,,,,
,,,,,
,,,,,
,,,,,
,,,,,
,,,,,
,,,,,
,,,,,
,,,,,
,,,,,
,,,,,
,,,,,
,,,,,
,,,,,
,,,,,
,,,,,
,,,,,
,,,,,
,,,,,
,,,,,
,,,,,
,,,,,
,,,,,
,,,,,
,,,,,
,,,,,
,,,,,
,,,,,
,,,,,
,,,,,
,,,,,
,,,,,
,,,,,
,,,,,
,,,,,
,,,,,
,,,,,
,,,,,
,,,,,
,,,,,
,,,,,
,,,,,
,,,,,
,,,,,
,,,,,
,,,,,
,,,,,
,,,,,
,,,,,
,,,,,
,,,,,
,,,,,
,,,,,
,,,,,
,,,,,
,,,,,
,,,,,
,,,,,
,,,,,
,,,,,
,,,,,
,,,,,
,,,,,
,,,,,
,,,,,
,,,,,
,,,,,
,,,,,
,,,,,
,,,,,
,,,,,
,,,,,
,,,,,
,,,,,
,,,,,
,,,,,
,,,,,
,,,,,
,,,,,
,,,,,
,,,,,
,,,,,
,,,,,
,,,,,
,,,,,
,,,,,
,,,,,
,,,,,
,,,,,
,,,,,
,,,,,
,,,,,
,,,,,
,,,,,
,,,,,
,,,,,
,,,,,
,,,,,
,,,,,
,,,,,
,,,,,
,,,,,
,,,,,
,,,,,
,,,,,
,,,,,
,,,,,
,,,,,
,,,,,
,,,,,
,,,,,
,,,,,
,,,,,
,,,,,
,,,,,
,,,,,
,,,,,
,,,,,
,,,,,
,,,,,
,,,,,
,,,,,
,,,,,
,,,,,
,,,,,
,,,,,
,,,,,
,,,,,
,,,,,
,,,,,
,,,,,
,,,,,
,,,,,
,,,,,
,,,,,
,,,,,
,,,,,
,,,,,
,,,,,
,,,,,
,,,,,
,,,,,
,,,,,
,,,,,
,,,,,
,,,,,
,,,,,
,,,,,
,,,,,
,,,,,
,,,,,
,,,,,
,,,,,
,,,,,
,,,,,
,,,,,
,,,,,
,,,,,
,,,,,
,,,,,
,,,,,
,,,,,
,,,,,
,,,,,
,,,,,
,,,,,
,,,,,
,,,,,
,,,,,
,,,,,
,,,,,
,,,,,
,,,,,
,,,,,
,,,,,
,,,,,
,,,,,
,,,,,
,,,,,
,,,,,
,,,,,
,,,,,
,,,,,
,,,,,
,,,,,
,,,,,
,,,,,
,,,,,
,,,,,
,,,,,
,,,,,
,,,,,
,,,,,
,,,,,
,,,,,
,,,,,
,,,,,
,,,,,
,,,,,
,,,,,
,,,,,
,,,,,
,,,,,
,,,,,
,,,,,
,,,,,
